{"accuracy": [0.7323704361915588, 0.7572217583656311, 0.8402718901634216, 0.8612999320030212, 0.8823279738426208, 0.8950722217559814, 0.894859790802002, 0.8976210951805115, 0.8986830711364746, 0.9044179916381836], "val_accuracy": [0.7423664331436157, 0.7767175436019897, 0.8683205842971802, 0.885496199131012, 0.8912213444709778, 0.8969465494155884, 0.9007633328437805, 0.8950381875038147, 0.9122137427330017, 0.9083969593048096], "loss": [0.6042829751968384, 0.5256355404853821, 0.3861282467842102, 0.34438028931617737, 0.3066680431365967, 0.2959803640842438, 0.2831122875213623, 0.271599143743515, 0.26956167817115784, 0.26821666955947876], "val_loss": [0.5609562397003174, 0.43286633491516113, 0.31484881043434143, 0.2843646705150604, 0.26783478260040283, 0.2518748342990875, 0.27379927039146423, 0.2730499505996704, 0.23203440010547638, 0.2254900336265564]}