{"accuracy": [0.7386717796325684, 0.7467077374458313, 0.833899736404419, 0.8969130516052246, 0.9044179916381836, 0.9020815491676331, 0.9099759459495544, 0.9078518748283386, 0.9109671711921692, 0.9120291471481323, 0.9153922200202942, 0.9159586429595947, 0.915321409702301], "val_accuracy": [0.7423664331436157, 0.7423664331436157, 0.8931297659873962, 0.8969465494155884, 0.927480936050415, 0.9332060813903809, 0.9351145029067993, 0.8988549709320068, 0.9293892979621887, 0.8950381875038147, 0.9389312863349915, 0.9160305261611938, 0.9083969593048096], "loss": [0.5894136428833008, 0.5109118223190308, 0.37437084317207336, 0.30659162998199463, 0.2893278896808624, 0.2878476679325104, 0.2708134949207306, 0.27280086278915405, 0.26663967967033386, 0.2621820569038391, 0.2576497495174408, 0.2533257305622101, 0.25324511528015137], "val_loss": [0.5603291392326355, 0.4214510917663574, 0.3036085069179535, 0.277084618806839, 0.24412141740322113, 0.23402929306030273, 0.2253219038248062, 0.25671687722206116, 0.2245667278766632, 0.26413092017173767, 0.20483556389808655, 0.2356933355331421, 0.24191753566265106]}