{"accuracy": [0.735450267791748, 0.7567615509033203, 0.812623918056488, 0.8832483887672424, 0.8939039707183838, 0.8970900774002075, 0.9007363319396973, 0.9032498002052307, 0.906046450138092, 0.9051260352134705, 0.9095157384872437, 0.9099405407905579, 0.9089139103889465], "val_accuracy": [0.7423664331436157, 0.8129770755767822, 0.8702290058135986, 0.8721374273300171, 0.9045801758766174, 0.8950381875038147, 0.9103053212165833, 0.8988549709320068, 0.8988549709320068, 0.9083969593048096, 0.8282442688941956, 0.9083969593048096, 0.9064885377883911], "loss": [0.591488242149353, 0.49527105689048767, 0.39157405495643616, 0.3316185176372528, 0.3072948157787323, 0.29825523495674133, 0.28916358947753906, 0.28564444184303284, 0.27688199281692505, 0.2755533754825592, 0.2693869471549988, 0.266350656747818, 0.26784735918045044], "val_loss": [0.5575330853462219, 0.4053226709365845, 0.32037487626075745, 0.30651193857192993, 0.2686634957790375, 0.2758898437023163, 0.25402697920799255, 0.2700966000556946, 0.27085158228874207, 0.23570607602596283, 0.3803946077823639, 0.22961388528347015, 0.25653529167175293]}