{"accuracy": [0.7393797636032104, 0.7421410083770752, 0.7706032395362854, 0.8494052886962891, 0.8761682510375977, 0.8874256610870361, 0.8823279738426208, 0.8946474194526672, 0.897408664226532, 0.8925233483314514], "val_accuracy": [0.7423664331436157, 0.7423664331436157, 0.8396946787834167, 0.8683205842971802, 0.8702290058135986, 0.902671754360199, 0.902671754360199, 0.8721374273300171, 0.885496199131012, 0.8396946787834167], "loss": [0.6053988933563232, 0.5619297623634338, 0.47270047664642334, 0.36233171820640564, 0.3091425895690918, 0.2875797152519226, 0.2909684479236603, 0.27080821990966797, 0.26159507036209106, 0.26670846343040466], "val_loss": [0.5732713937759399, 0.5271831154823303, 0.3928510248661041, 0.30820995569229126, 0.3137876093387604, 0.2577812373638153, 0.25647446513175964, 0.3370653986930847, 0.26557213068008423, 0.34449347853660583]}